Fold,MAE,RMSE,R2
1,0.4789327786941624,0.9171721724268017,-0.058367962999384515
2,0.313142516597263,0.42824789205743213,-0.32433785072399246
3,0.4999346111106561,0.7333558218916068,-0.1396079885344661
4,0.35191989587565314,0.5616464720857716,0.03670889733470328
5,0.2457122270114803,0.3515561902212969,0.010186229234665167
